order_id,order_amount,order_date,customer_id,status,gateway,amount_reported,merchant_ref
ORD-0001,445.08,2024-03-11,CUST-0008,paid,cashfree,,
ORD-0002,7457.8,2024-05-19,CUST-0044,paid,razorpay,,
ORD-0003,2342.43,2024-05-09,CUST-0006,paid,razorpay,,
ORD-0004,5539.88,2024-02-26,CUST-0045,paid,cashfree,,
ORD-0005,8096.22,2024-06-27,CUST-0049,paid,razorpay,,
ORD-0006,3498.29,2024-01-24,CUST-0049,paid,razorpay,,
ORD-0007,2792.04,2024-01-12,CUST-0039,paid,payu,,
ORD-0008,5609.45,2024-06-09,CUST-0006,paid,payu,,
ORD-0009,6679.72,2024-03-15,CUST-0003,paid,razorpay,,
ORD-0010,4642.97,2024-04-03,CUST-0018,paid,payu,,
ORD-0011,7077.14,2024-06-23,CUST-0018,paid,cashfree,,
ORD-0012,2598.9,2024-04-28,CUST-0047,paid,cashfree,,
ORD-0013,5657.55,2024-06-24,CUST-0045,paid,cashfree,,
ORD-0014,3291.12,2024-03-09,CUST-0052,paid,razorpay,,
ORD-0015,7234.84,2024-02-24,CUST-0057,paid,cashfree,,
ORD-0016,1600.0,2024-02-05,CUST-0030,paid,cashfree,,
ORD-0017,5928.36,2024-05-29,CUST-0048,paid,payu,,
ORD-0018,5035.96,2024-01-13,CUST-0033,paid,razorpay,,
ORD-0019,6044.21,2024-04-08,CUST-0028,paid,cashfree,,
ORD-0020,9715.6,2024-01-03,CUST-0017,paid,cashfree,,
ORD-0021,6480.78,2024-01-29,CUST-0050,paid,payu,,
ORD-0022,8782.48,2024-03-08,CUST-0047,paid,razorpay,,
ORD-0023,8447.52,2024-05-09,CUST-0020,paid,cashfree,,
ORD-0024,9543.34,2024-05-15,CUST-0035,paid,razorpay,,
ORD-0025,9304.24,2024-03-19,CUST-0008,paid,razorpay,,
ORD-0026,1039.32,2024-05-04,CUST-0006,paid,cashfree,,
ORD-0027,4857.29,2024-05-20,CUST-0043,paid,razorpay,,
ORD-0028,9649.79,2024-05-18,CUST-0028,paid,cashfree,,
ORD-0029,3859.15,2024-05-12,CUST-0042,paid,cashfree,,
ORD-0030,406.11,2024-05-21,CUST-0022,failed,razorpay,,
ORD-0031,6384.18,2024-02-28,CUST-0046,paid,razorpay,,
ORD-0032,2532.21,2024-06-20,CUST-0033,paid,razorpay,,
ORD-0033,8846.47,2024-05-27,CUST-0060,paid,cashfree,,
ORD-0034,1124.3,2024-06-17,CUST-0013,paid,payu,,
ORD-0035,7344.21,2024-06-21,CUST-0056,paid,payu,,
ORD-0036,8643.53,2024-03-04,CUST-0052,paid,payu,,
ORD-0037,1998.0,2024-04-28,CUST-0028,paid,razorpay,,
ORD-0038,695.72,2024-05-18,CUST-0007,paid,cashfree,,
ORD-0039,4182.45,2024-05-03,CUST-0011,paid,razorpay,,
ORD-0040,221.12,2024-04-09,CUST-0025,paid,razorpay,,
ORD-0041,9954.15,2024-05-22,CUST-0047,paid,cashfree,,
ORD-0042,5875.39,2024-05-18,CUST-0004,paid,razorpay,,
ORD-0043,4872.05,2024-05-15,CUST-0038,paid,razorpay,,
ORD-0044,2020.9,2024-06-01,CUST-0055,paid,razorpay,,
ORD-0045,9426.7,2024-05-25,CUST-0008,paid,payu,,
ORD-0046,4307.98,2024-05-29,CUST-0006,paid,cashfree,,
ORD-0047,2538.88,2024-04-11,CUST-0021,paid,cashfree,,
ORD-0048,9303.45,2024-01-19,CUST-0021,paid,payu,,
ORD-0049,917.88,2024-02-24,CUST-0007,paid,cashfree,,
ORD-0050,2593.74,2024-03-13,CUST-0057,paid,razorpay,,
ORD-0051,6193.83,2024-06-16,CUST-0020,paid,cashfree,,
ORD-0052,6700.55,2024-02-04,CUST-0060,paid,payu,,
ORD-0053,1723.23,2024-03-13,CUST-0036,paid,cashfree,,
ORD-0054,8557.69,2024-05-09,CUST-0041,paid,cashfree,,
ORD-0055,6415.35,2024-03-11,CUST-0006,paid,razorpay,,
ORD-0056,9801.04,2024-02-11,CUST-0041,paid,razorpay,,
ORD-0057,1296.25,2024-06-25,CUST-0001,paid,cashfree,,
ORD-0058,1448.84,2024-03-19,CUST-0028,paid,razorpay,,
ORD-0059,2645.14,2024-01-27,CUST-0044,paid,razorpay,,
ORD-0060,7544.13,2024-03-01,CUST-0040,paid,payu,,
ORD-0061,7417.6,2024-03-26,CUST-0012,paid,razorpay,,
ORD-0062,1759.98,2024-06-28,CUST-0018,paid,razorpay,,
ORD-0063,2155.61,2024-04-27,CUST-0015,paid,payu,,
ORD-0064,431.89,2024-02-19,CUST-0015,paid,razorpay,,
ORD-0065,2935.15,2024-06-13,CUST-0050,paid,razorpay,,
ORD-0066,9403.58,2024-01-30,CUST-0022,paid,cashfree,,
ORD-0067,1262.24,2024-04-21,CUST-0003,paid,payu,,
ORD-0068,9844.53,2024-01-30,CUST-0039,paid,payu,,
ORD-0069,4472.93,2024-05-13,CUST-0046,paid,razorpay,,
ORD-0070,3435.63,2024-03-21,CUST-0059,paid,cashfree,,
ORD-0071,6734.88,2024-03-24,CUST-0020,paid,cashfree,,
ORD-0072,4319.95,2024-04-07,CUST-0013,paid,razorpay,,
ORD-0073,8369.67,2024-03-18,CUST-0036,paid,payu,,
ORD-0074,6615.46,2024-04-29,CUST-0039,paid,cashfree,,
ORD-0075,7977.81,2024-02-13,CUST-0031,paid,cashfree,,
ORD-0076,3484.51,2024-03-01,CUST-0040,paid,cashfree,,
ORD-0077,652.85,2024-05-01,CUST-0002,paid,razorpay,,
ORD-0078,2105.27,2024-06-27,CUST-0037,paid,cashfree,2106.83,
ORD-0079,7558.7,2024-01-28,CUST-0058,paid,razorpay,7554.2,
ORD-0080,8512.85,2024-04-26,CUST-0059,paid,razorpay,8517.35,
ORD-0081,8186.25,2024-05-09,CUST-0040,paid,payu,8188.69,
ORD-0082,2739.82,2024-03-04,CUST-0029,paid,payu,2737.57,
ORD-0083,2999.85,2024-03-10,CUST-0046,paid,razorpay,2996.23,
ORD-0084,7000.01,2024-06-29,CUST-0025,paid,razorpay,7000.44,
ORD-0085,2226.77,2024-04-17,CUST-0004,paid,payu,2230.34,
ORD-0086,4873.92,2024-03-31,CUST-0025,paid,cashfree,4874.3,
ORD-0087,8037.91,2024-02-26,CUST-0035,paid,cashfree,8033.2,
ORD-0088,6854.91,2024-04-13,CUST-0043,paid,payu,6858.98,
ORD-0089,6696.73,2024-01-22,CUST-0037,paid,cashfree,,INV0089
ORD-0090,3914.84,2024-02-24,CUST-0017,paid,razorpay,,INV0090
ORD-0091,9520.85,2024-04-17,CUST-0049,paid,payu,,INV0091
ORD-0092,6570.76,2024-06-15,CUST-0015,paid,payu,,INV0092
ORD-0093,1693.19,2024-02-02,CUST-0040,paid,razorpay,,INV0093
ORD-0094,6137.14,2024-01-30,CUST-0011,paid,payu,,
ORD-0095,9097.75,2024-04-06,CUST-0044,paid,cashfree,,
ORD-0096,8338.77,2024-03-03,CUST-0045,paid,cashfree,,
ORD-0097,8093.37,2024-05-24,CUST-0039,paid,cashfree,,
ORD-0098,875.71,2024-06-14,CUST-0024,paid,cashfree,,
ORD-0099,4448.1,2024-04-02,CUST-0007,paid,payu,,
ORD-0100,6235.33,2024-05-17,CUST-0018,paid,cashfree,,
ORD-0101,2605.61,2024-01-23,CUST-0055,paid,payu,,
ORD-0102,3496.35,2024-05-06,CUST-0025,paid,cashfree,,
ORD-0103,8826.26,2024-06-28,CUST-0018,paid,payu,,
ORD-0104,7629.26,2024-06-25,CUST-0036,paid,payu,,
ORD-0105,368.97,2024-03-16,CUST-0051,paid,payu,,
ORD-0106,5898.66,2024-05-01,CUST-0043,paid,payu,,
ORD-0107,5593.26,2024-03-31,CUST-0048,paid,payu,,
ORD-0108,2459.04,2024-02-19,CUST-0017,paid,payu,,
ORD-0109,2076.91,2024-05-03,CUST-0012,paid,cashfree,,
ORD-0110,2973.1,2024-01-26,CUST-0039,paid,cashfree,,
